word,x1,y1,x2,y2,page
This,0.16065029799938202,0.810781717300415,0.18640150129795074,0.8186626434326172,3
